{"cameraMode":{"drawMode":0,"name":"Shaded","section":"Shading Mode"},"sceneLighting":false,"audioPlay":false,"sceneViewState":{"showFog":true,"showMaterialUpdate":false,"showSkybox":true,"showFlares":true,"showImageEffects":true,"showParticleSystems":true},"in2DMode":false,"pivot":{"x":0.001699686050415039,"y":2.1164567470550539,"z":-26.463607788085939},"rotation":{"x":-0.4054507613182068,"y":0.19287236034870149,"z":-0.0879444032907486,"w":-0.8891994953155518},"size":10.93444538116455,"orthographic":false}