{"cameraMode":{"drawMode":0,"name":"Shaded","section":"Shading Mode"},"sceneLighting":false,"audioPlay":false,"sceneViewState":{"showFog":true,"showMaterialUpdate":false,"showSkybox":true,"showFlares":true,"showImageEffects":true,"showParticleSystems":true},"in2DMode":false,"pivot":{"x":-10.399999618530274,"y":1.5999999046325684,"z":4.599999904632568},"rotation":{"x":-0.15457120537757874,"y":0.1173669844865799,"z":-0.018496351316571237,"w":-0.9808111786842346},"size":13.353074073791504,"orthographic":false}