{"cameraMode":{"drawMode":0,"name":"Shaded","section":"Shading Mode"},"sceneLighting":false,"audioPlay":false,"sceneViewState":{"showFog":true,"showMaterialUpdate":false,"showSkybox":true,"showFlares":true,"showImageEffects":true,"showParticleSystems":true},"in2DMode":false,"pivot":{"x":-364.3909606933594,"y":8.84246826171875,"z":62.383689880371097},"rotation":{"x":-0.15457120537757874,"y":0.1173669844865799,"z":-0.018496351316571237,"w":-0.9808111786842346},"size":13.315166473388672,"orthographic":false}