{"cameraMode":{"drawMode":0,"name":"Shaded","section":"Shading Mode"},"sceneLighting":false,"audioPlay":false,"sceneViewState":{"showFog":true,"showMaterialUpdate":false,"showSkybox":true,"showFlares":true,"showImageEffects":true,"showParticleSystems":true},"in2DMode":false,"pivot":{"x":101.96022033691406,"y":20.87286376953125,"z":39.310943603515628},"rotation":{"x":-0.15457120537757874,"y":0.1173669844865799,"z":-0.018496351316571237,"w":-0.9808111786842346},"size":5.704423904418945,"orthographic":false}