{"cameraMode":{"drawMode":0,"name":"Shaded","section":"Shading Mode"},"sceneLighting":false,"audioPlay":false,"sceneViewState":{"showFog":true,"showMaterialUpdate":false,"showSkybox":true,"showFlares":true,"showImageEffects":true,"showParticleSystems":true},"in2DMode":false,"pivot":{"x":0.41338205337524416,"y":4.43426513671875,"z":-0.2591514587402344},"rotation":{"x":-0.016638459637761117,"y":0.9241357445716858,"z":-0.04051228240132332,"w":-0.3795459270477295},"size":2.9781432151794435,"orthographic":false}