{"cameraMode":{"drawMode":0,"name":"Shaded","section":"Shading Mode"},"sceneLighting":true,"audioPlay":false,"sceneViewState":{"showFog":true,"showMaterialUpdate":false,"showSkybox":true,"showFlares":true,"showImageEffects":true,"showParticleSystems":true},"in2DMode":false,"pivot":{"x":38.2967643737793,"y":57.76008605957031,"z":95.4052963256836},"rotation":{"x":-0.15457120537757874,"y":0.1173669844865799,"z":-0.018496351316571237,"w":-0.9808111786842346},"size":199.42022705078126,"orthographic":false}