{"cameraMode":{"drawMode":0,"name":"Shaded","section":"Shading Mode"},"sceneLighting":false,"audioPlay":false,"sceneViewState":{"showFog":true,"showMaterialUpdate":false,"showSkybox":true,"showFlares":true,"showImageEffects":true,"showParticleSystems":true},"in2DMode":false,"pivot":{"x":0.001699686050415039,"y":2.1164567470550539,"z":-26.463607788085939},"rotation":{"x":-0.16082651913166047,"y":0.520378053188324,"z":-0.10051611810922623,"w":-0.8326091766357422},"size":15.549881935119629,"orthographic":false}