{"cameraMode":{"drawMode":0,"name":"Shaded","section":"Shading Mode"},"sceneLighting":true,"audioPlay":false,"sceneViewState":{"showFog":true,"showMaterialUpdate":true,"showSkybox":true,"showFlares":true,"showImageEffects":true,"showParticleSystems":true},"in2DMode":false,"pivot":{"x":-202.8385009765625,"y":-5.781671524047852,"z":103.15818786621094},"rotation":{"x":-0.3565329909324646,"y":-0.2270808219909668,"z":0.08877976983785629,"w":-0.9019072651863098},"size":691.142578125,"orthographic":false}