{"cameraMode":{"drawMode":0,"name":"Shaded","section":"Shading Mode"},"sceneLighting":true,"audioPlay":false,"sceneViewState":{"showFog":true,"showMaterialUpdate":false,"showSkybox":true,"showFlares":true,"showImageEffects":true,"showParticleSystems":true},"in2DMode":false,"pivot":{"x":-3.5975186824798586,"y":0.8802616596221924,"z":-7.193497657775879},"rotation":{"x":-0.07592548429965973,"y":-0.8485605120658875,"z":0.12495017051696778,"w":-0.5084957480430603},"size":22.437786102294923,"orthographic":false}