{"cameraMode":{"drawMode":0,"name":"Shaded","section":"Shading Mode"},"sceneLighting":false,"audioPlay":false,"sceneViewState":{"showFog":true,"showMaterialUpdate":false,"showSkybox":true,"showFlares":true,"showImageEffects":true,"showParticleSystems":true},"in2DMode":false,"pivot":{"x":0.0,"y":0.5547555685043335,"z":0.14398622512817384},"rotation":{"x":-0.14135165512561799,"y":0.7656072378158569,"z":-0.18163050711154939,"w":-0.6007293462753296},"size":3.6116127967834474,"orthographic":false}