{"cameraMode":{"drawMode":0,"name":"Shaded","section":"Shading Mode"},"sceneLighting":false,"audioPlay":false,"sceneViewState":{"showFog":true,"showMaterialUpdate":false,"showSkybox":true,"showFlares":true,"showImageEffects":true,"showParticleSystems":true},"in2DMode":false,"pivot":{"x":-3.2782554626464846e-7,"y":3.7810542583465578,"z":-26.217655181884767},"rotation":{"x":-0.08370902389287949,"y":-0.860130786895752,"z":0.14785510301589967,"w":-0.48094362020492556},"size":1.217238187789917,"orthographic":false}