{"cameraMode":{"drawMode":0,"name":"Shaded","section":"Shading Mode"},"sceneLighting":false,"audioPlay":false,"sceneViewState":{"showFog":true,"showMaterialUpdate":false,"showSkybox":true,"showFlares":true,"showImageEffects":true,"showParticleSystems":true},"in2DMode":false,"pivot":{"x":-11.106507301330567,"y":-3.6732864379882814,"z":0.14859485626220704},"rotation":{"x":-0.1592089682817459,"y":-0.7163750529289246,"z":0.17221060395240785,"w":-0.6571170687675476},"size":67.83329772949219,"orthographic":false}