{"cameraMode":{"drawMode":0,"name":"Shaded","section":"Shading Mode"},"sceneLighting":false,"audioPlay":false,"sceneViewState":{"showFog":true,"showMaterialUpdate":false,"showSkybox":true,"showFlares":true,"showImageEffects":true,"showParticleSystems":true},"in2DMode":false,"pivot":{"x":6.5213470458984379,"y":-28.288419723510743,"z":199.1064910888672},"rotation":{"x":-0.1592089682817459,"y":-0.7163750529289246,"z":0.17221060395240785,"w":-0.6571170687675476},"size":172.21070861816407,"orthographic":false}