{"cameraMode":{"drawMode":0,"name":"Shaded","section":"Shading Mode"},"sceneLighting":false,"audioPlay":false,"sceneViewState":{"showFog":true,"showMaterialUpdate":true,"showSkybox":true,"showFlares":true,"showImageEffects":true,"showParticleSystems":true},"in2DMode":false,"pivot":{"x":163.5572967529297,"y":57.64637756347656,"z":55.035823822021487},"rotation":{"x":-0.3565329909324646,"y":-0.2270808219909668,"z":0.08877976983785629,"w":-0.9019072651863098},"size":600.4099731445313,"orthographic":false}