{"cameraMode":{"drawMode":0,"name":"Shaded","section":"Shading Mode"},"sceneLighting":true,"audioPlay":false,"sceneViewState":{"showFog":true,"showMaterialUpdate":false,"showSkybox":true,"showFlares":true,"showImageEffects":true,"showParticleSystems":true},"in2DMode":false,"pivot":{"x":-365.5246276855469,"y":9.420795440673829,"z":61.787872314453128},"rotation":{"x":-0.07592548429965973,"y":-0.8485605120658875,"z":0.12495017051696778,"w":-0.5084957480430603},"size":11.835607528686524,"orthographic":false}