{"cameraMode":{"drawMode":0,"name":"Shaded","section":"Shading Mode"},"sceneLighting":true,"audioPlay":false,"sceneViewState":{"showFog":true,"showMaterialUpdate":true,"showSkybox":true,"showFlares":true,"showImageEffects":true,"showParticleSystems":true},"in2DMode":false,"pivot":{"x":-2.3462350368499758,"y":-0.004743462428450584,"z":1.2593002319335938},"rotation":{"x":-0.3565329909324646,"y":-0.2270808219909668,"z":0.08877976983785629,"w":-0.9019072651863098},"size":22.0,"orthographic":false}