{"cameraMode":{"drawMode":0,"name":"Shaded","section":"Shading Mode"},"sceneLighting":false,"audioPlay":false,"sceneViewState":{"showFog":true,"showMaterialUpdate":false,"showSkybox":true,"showFlares":true,"showImageEffects":true,"showParticleSystems":true},"in2DMode":false,"pivot":{"x":-10.399999618530274,"y":1.5999999046325684,"z":4.599999904632568},"rotation":{"x":-0.1592089682817459,"y":-0.7163750529289246,"z":0.17221060395240785,"w":-0.6571170687675476},"size":13.353074073791504,"orthographic":false}