{"cameraMode":{"drawMode":0,"name":"Shaded","section":"Shading Mode"},"sceneLighting":false,"audioPlay":false,"sceneViewState":{"showFog":true,"showMaterialUpdate":false,"showSkybox":true,"showFlares":true,"showImageEffects":true,"showParticleSystems":true},"in2DMode":false,"pivot":{"x":318.12347412109377,"y":170.69586181640626,"z":10.207006454467774},"rotation":{"x":-0.1592089682817459,"y":-0.7163750529289246,"z":0.17221060395240785,"w":-0.6571170687675476},"size":57.854583740234378,"orthographic":false}