{"cameraMode":{"drawMode":0,"name":"Shaded","section":"Shading Mode"},"sceneLighting":true,"audioPlay":false,"sceneViewState":{"showFog":true,"showMaterialUpdate":true,"showSkybox":true,"showFlares":true,"showImageEffects":true,"showParticleSystems":true},"in2DMode":false,"pivot":{"x":28.924657821655275,"y":32.54656982421875,"z":92.25379180908203},"rotation":{"x":-0.3565329909324646,"y":-0.2270808219909668,"z":0.08877976983785629,"w":-0.9019072651863098},"size":35.6971549987793,"orthographic":false}