{"cameraMode":{"drawMode":0,"name":"Shaded","section":"Shading Mode"},"sceneLighting":true,"audioPlay":false,"sceneViewState":{"showFog":true,"showMaterialUpdate":true,"showSkybox":true,"showFlares":true,"showImageEffects":true,"showParticleSystems":true},"in2DMode":false,"pivot":{"x":-0.10506194829940796,"y":-0.4930838346481323,"z":-23.163768768310548},"rotation":{"x":-0.08370902389287949,"y":-0.860130786895752,"z":0.14785510301589967,"w":-0.48094362020492556},"size":34.08610916137695,"orthographic":false}