{"cameraMode":{"drawMode":0,"name":"Shaded","section":"Shading Mode"},"sceneLighting":false,"audioPlay":false,"sceneViewState":{"showFog":true,"showMaterialUpdate":false,"showSkybox":true,"showFlares":true,"showImageEffects":true,"showParticleSystems":true},"in2DMode":false,"pivot":{"x":0.001699686050415039,"y":2.1164567470550539,"z":-26.463607788085939},"rotation":{"x":-0.08370902389287949,"y":-0.860130786895752,"z":0.14785510301589967,"w":-0.48094362020492556},"size":267.400146484375,"orthographic":false}