{"cameraMode":{"drawMode":0,"name":"Shaded","section":"Shading Mode"},"sceneLighting":false,"audioPlay":false,"sceneViewState":{"showFog":true,"showMaterialUpdate":false,"showSkybox":true,"showFlares":true,"showImageEffects":true,"showParticleSystems":true},"in2DMode":false,"pivot":{"x":0.5187759399414063,"y":0.47644853591918948,"z":3.148561477661133},"rotation":{"x":-0.1592089682817459,"y":-0.7163750529289246,"z":0.17221060395240785,"w":-0.6571170687675476},"size":43.57310485839844,"orthographic":false}