{"cameraMode":{"drawMode":0,"name":"Shaded","section":"Shading Mode"},"sceneLighting":false,"audioPlay":false,"sceneViewState":{"showFog":true,"showMaterialUpdate":false,"showSkybox":true,"showFlares":true,"showImageEffects":true,"showParticleSystems":true},"in2DMode":false,"pivot":{"x":12.310247421264649,"y":3.8836421966552736,"z":5.488084316253662},"rotation":{"x":-0.6690865755081177,"y":0.12515917420387269,"z":-0.11703239381313324,"w":-0.7231610417366028},"size":23.269147872924806,"orthographic":false}