{"cameraMode":{"drawMode":0,"name":"Shaded","section":"Shading Mode"},"sceneLighting":true,"audioPlay":false,"sceneViewState":{"showFog":true,"showMaterialUpdate":true,"showSkybox":true,"showFlares":true,"showImageEffects":true,"showParticleSystems":true},"in2DMode":false,"pivot":{"x":-10.014745712280274,"y":8.07394790649414,"z":87.21094512939453},"rotation":{"x":-0.3565329909324646,"y":-0.2270808219909668,"z":0.08877976983785629,"w":-0.9019072651863098},"size":20.515975952148439,"orthographic":false}