{"cameraMode":{"drawMode":0,"name":"Shaded","section":"Shading Mode"},"sceneLighting":false,"audioPlay":false,"sceneViewState":{"showFog":true,"showMaterialUpdate":true,"showSkybox":true,"showFlares":true,"showImageEffects":true,"showParticleSystems":true},"in2DMode":false,"pivot":{"x":-364.3909606933594,"y":9.104267120361329,"z":61.8999137878418},"rotation":{"x":-0.08370902389287949,"y":-0.860130786895752,"z":0.14785510301589967,"w":-0.48094362020492556},"size":11.733175277709961,"orthographic":false}