{"cameraMode":{"drawMode":0,"name":"Shaded","section":"Shading Mode"},"sceneLighting":true,"audioPlay":false,"sceneViewState":{"showFog":true,"showMaterialUpdate":false,"showSkybox":true,"showFlares":true,"showImageEffects":true,"showParticleSystems":true},"in2DMode":false,"pivot":{"x":2.384810447692871,"y":10.160490036010743,"z":-29.711193084716798},"rotation":{"x":-0.030121732503175737,"y":0.10982464253902435,"z":-0.0033297317568212749,"w":-0.9934889078140259},"size":45.588218688964847,"orthographic":false}