{"cameraMode":{"drawMode":0,"name":"Shaded","section":"Shading Mode"},"sceneLighting":false,"audioPlay":false,"sceneViewState":{"showFog":true,"showMaterialUpdate":false,"showSkybox":true,"showFlares":true,"showImageEffects":true,"showParticleSystems":true},"in2DMode":false,"pivot":{"x":0.02007579803466797,"y":1.3578147888183594,"z":-32.682273864746097},"rotation":{"x":-0.22042439877986909,"y":0.022526998072862626,"z":-0.005092080216854811,"w":-0.9751306176185608},"size":78.9166259765625,"orthographic":false}