{"cameraMode":{"drawMode":0,"name":"Shaded","section":"Shading Mode"},"sceneLighting":true,"audioPlay":false,"sceneViewState":{"showFog":true,"showMaterialUpdate":false,"showSkybox":true,"showFlares":true,"showImageEffects":true,"showParticleSystems":true},"in2DMode":false,"pivot":{"x":27.800628662109376,"y":117.294921875,"z":-129.91015625},"rotation":{"x":-0.39567214250564577,"y":-0.006338493432849646,"z":0.0027308566495776178,"w":-0.918366014957428},"size":13.484894752502442,"orthographic":true}