{"cameraMode":{"drawMode":0,"name":"Shaded","section":"Shading Mode"},"sceneLighting":true,"audioPlay":false,"sceneViewState":{"showFog":true,"showMaterialUpdate":false,"showSkybox":true,"showFlares":true,"showImageEffects":true,"showParticleSystems":true},"in2DMode":false,"pivot":{"x":-82.06005859375,"y":56.35015106201172,"z":37.9422607421875},"rotation":{"x":-0.18497277796268464,"y":-0.475322961807251,"z":0.10295744985342026,"w":-0.8539630770683289},"size":61.02522659301758,"orthographic":true}