{"cameraMode":{"drawMode":0,"name":"Shaded","section":"Shading Mode"},"sceneLighting":false,"audioPlay":false,"sceneViewState":{"showFog":true,"showMaterialUpdate":false,"showSkybox":true,"showFlares":true,"showImageEffects":true,"showParticleSystems":true},"in2DMode":false,"pivot":{"x":-0.0040618181228637699,"y":2.083017110824585,"z":-32.337520599365237},"rotation":{"x":-0.22042439877986909,"y":0.022526998072862626,"z":-0.005092080216854811,"w":-0.9751306176185608},"size":5.686489582061768,"orthographic":false}