{"cameraMode":{"drawMode":0,"name":"Shaded","section":"Shading Mode"},"sceneLighting":true,"audioPlay":false,"sceneViewState":{"showFog":true,"showMaterialUpdate":false,"showSkybox":true,"showFlares":true,"showImageEffects":true,"showParticleSystems":true},"in2DMode":false,"pivot":{"x":27.800628662109376,"y":117.294921875,"z":-129.91015625},"rotation":{"x":-0.395672082901001,"y":-0.006338492501527071,"z":0.002730856416746974,"w":-0.9183658957481384},"size":13.484894752502442,"orthographic":true}