{"cameraMode":{"drawMode":0,"name":"Shaded","section":"Shading Mode"},"sceneLighting":false,"audioPlay":false,"sceneViewState":{"showFog":true,"showMaterialUpdate":false,"showSkybox":true,"showFlares":true,"showImageEffects":true,"showParticleSystems":true},"in2DMode":false,"pivot":{"x":7.488095283508301,"y":8.602286338806153,"z":-6.544137954711914},"rotation":{"x":-0.13545118272304536,"y":-0.48687639832496645,"z":0.07672947645187378,"w":-0.85948646068573},"size":24.426664352416993,"orthographic":false}