{"cameraMode":{"drawMode":0,"name":"Shaded","section":"Shading Mode"},"sceneLighting":false,"audioPlay":false,"sceneViewState":{"showFog":true,"showMaterialUpdate":false,"showSkybox":true,"showFlares":true,"showImageEffects":true,"showParticleSystems":true},"in2DMode":false,"pivot":{"x":10.901518821716309,"y":-0.07663202285766602,"z":22.06802749633789},"rotation":{"x":-0.165679931640625,"y":-0.26361560821533205,"z":0.04601430147886276,"w":-0.9491784572601318},"size":21.010000228881837,"orthographic":false}