{"cameraMode":{"drawMode":0,"name":"Shaded","section":"Shading Mode"},"sceneLighting":false,"audioPlay":false,"sceneViewState":{"showFog":true,"showMaterialUpdate":false,"showSkybox":true,"showFlares":true,"showImageEffects":true,"showParticleSystems":true},"in2DMode":false,"pivot":{"x":101.96022033691406,"y":20.87286376953125,"z":39.310943603515628},"rotation":{"x":0.013582010753452778,"y":-0.9758942723274231,"z":0.20832063257694245,"w":0.06362710893154144},"size":22.0,"orthographic":false}