{"cameraMode":{"drawMode":0,"name":"Shaded","section":"Shading Mode"},"sceneLighting":false,"audioPlay":false,"sceneViewState":{"showFog":true,"showMaterialUpdate":false,"showSkybox":true,"showFlares":true,"showImageEffects":true,"showParticleSystems":true},"in2DMode":false,"pivot":{"x":-10.399999618530274,"y":1.5999999046325684,"z":4.599999904632568},"rotation":{"x":-0.10420861095190048,"y":-0.8869712948799133,"z":0.3774227797985077,"w":-0.24489730596542359},"size":22.0,"orthographic":false}