{"cameraMode":{"drawMode":0,"name":"Shaded","section":"Shading Mode"},"sceneLighting":false,"audioPlay":false,"sceneViewState":{"showFog":true,"showMaterialUpdate":false,"showSkybox":true,"showFlares":true,"showImageEffects":true,"showParticleSystems":true},"in2DMode":false,"pivot":{"x":-10.399999618530274,"y":1.5999999046325684,"z":4.599999904632568},"rotation":{"x":-0.22570417821407319,"y":0.6864078044891357,"z":-0.23880670964717866,"w":-0.6487475037574768},"size":13.353074073791504,"orthographic":false}