{"cameraMode":{"drawMode":0,"name":"Shaded","section":"Shading Mode"},"sceneLighting":false,"audioPlay":false,"sceneViewState":{"showFog":true,"showMaterialUpdate":false,"showSkybox":true,"showFlares":true,"showImageEffects":true,"showParticleSystems":true},"in2DMode":false,"pivot":{"x":163.5572967529297,"y":57.64637756347656,"z":55.035823822021487},"rotation":{"x":-0.22570417821407319,"y":0.6864078044891357,"z":-0.23880670964717866,"w":-0.6487475037574768},"size":600.4099731445313,"orthographic":false}