{"cameraMode":{"drawMode":0,"name":"Shaded","section":"Shading Mode"},"sceneLighting":false,"audioPlay":false,"sceneViewState":{"showFog":true,"showMaterialUpdate":false,"showSkybox":true,"showFlares":true,"showImageEffects":true,"showParticleSystems":true},"in2DMode":false,"pivot":{"x":-365.75921630859377,"y":8.867419242858887,"z":63.113670349121097},"rotation":{"x":-0.2306220829486847,"y":0.6482089757919312,"z":-0.21575221419334413,"w":-0.6928850412368774},"size":6.675172805786133,"orthographic":false}