{"cameraMode":{"drawMode":0,"name":"Shaded","section":"Shading Mode"},"sceneLighting":true,"audioPlay":false,"sceneViewState":{"showFog":true,"showMaterialUpdate":false,"showSkybox":true,"showFlares":true,"showImageEffects":true,"showParticleSystems":true},"in2DMode":false,"pivot":{"x":606.4489135742188,"y":178.67298889160157,"z":73.59516906738281},"rotation":{"x":-0.1891726702451706,"y":0.6538655757904053,"z":-0.17380915582180024,"w":-0.711662769317627},"size":-0.23235946893692017,"orthographic":false}