{"cameraMode":{"drawMode":0,"name":"Shaded","section":"Shading Mode"},"sceneLighting":false,"audioPlay":false,"sceneViewState":{"showFog":true,"showMaterialUpdate":false,"showSkybox":true,"showFlares":true,"showImageEffects":true,"showParticleSystems":true},"in2DMode":false,"pivot":{"x":101.96022033691406,"y":20.87286376953125,"z":39.310943603515628},"rotation":{"x":-0.22570417821407319,"y":0.6864078044891357,"z":-0.23880670964717866,"w":-0.6487475037574768},"size":5.704423904418945,"orthographic":false}