{"cameraMode":{"drawMode":0,"name":"Shaded","section":"Shading Mode"},"sceneLighting":false,"audioPlay":false,"sceneViewState":{"showFog":true,"showMaterialUpdate":false,"showSkybox":true,"showFlares":true,"showImageEffects":true,"showParticleSystems":true},"in2DMode":false,"pivot":{"x":0.001699686050415039,"y":2.1164567470550539,"z":-26.463607788085939},"rotation":{"x":-0.3408066928386688,"y":0.6034758687019348,"z":-0.3178744614124298,"w":-0.6470112800598145},"size":10.93444538116455,"orthographic":false}