{"cameraMode":{"drawMode":0,"name":"Shaded","section":"Shading Mode"},"sceneLighting":false,"audioPlay":false,"sceneViewState":{"showFog":true,"showMaterialUpdate":false,"showSkybox":true,"showFlares":true,"showImageEffects":true,"showParticleSystems":true},"in2DMode":false,"pivot":{"x":0.6314842700958252,"y":4.866375923156738,"z":0.9654812812805176},"rotation":{"x":-0.3408066928386688,"y":0.6034758687019348,"z":-0.3178744614124298,"w":-0.6470112800598145},"size":11.310747146606446,"orthographic":false}