{"cameraMode":{"drawMode":0,"name":"Shaded","section":"Shading Mode"},"sceneLighting":true,"audioPlay":false,"sceneViewState":{"showFog":true,"showMaterialUpdate":false,"showSkybox":true,"showFlares":true,"showImageEffects":true,"showParticleSystems":true},"in2DMode":false,"pivot":{"x":-21.526155471801759,"y":44.695587158203128,"z":28.351787567138673},"rotation":{"x":-0.05459350720047951,"y":0.9168895483016968,"z":-0.1346476972103119,"w":-0.371756911277771},"size":408.9034118652344,"orthographic":false}