{"cameraMode":{"drawMode":0,"name":"Shaded","section":"Shading Mode"},"sceneLighting":false,"audioPlay":false,"sceneViewState":{"showFog":true,"showMaterialUpdate":false,"showSkybox":true,"showFlares":true,"showImageEffects":true,"showParticleSystems":true},"in2DMode":false,"pivot":{"x":26.031715393066408,"y":5.437324523925781,"z":47.95246124267578},"rotation":{"x":-0.1308615356683731,"y":0.3891862630844116,"z":-0.05596048757433891,"w":-0.9100976586341858},"size":300.12249755859377,"orthographic":false}