{"cameraMode":{"drawMode":0,"name":"Shaded","section":"Shading Mode"},"sceneLighting":true,"audioPlay":false,"sceneViewState":{"showFog":true,"showMaterialUpdate":false,"showSkybox":true,"showFlares":true,"showImageEffects":true,"showParticleSystems":true},"in2DMode":false,"pivot":{"x":60.13610076904297,"y":-9.369696617126465,"z":1.3880802392959595},"rotation":{"x":0.032749682664871219,"y":0.9596943259239197,"z":-0.24894839525222779,"w":0.12624961137771607},"size":56.53778839111328,"orthographic":false}