{"cameraMode":{"drawMode":0,"name":"Shaded","section":"Shading Mode"},"sceneLighting":true,"audioPlay":false,"sceneViewState":{"showFog":true,"showMaterialUpdate":false,"showSkybox":true,"showFlares":true,"showImageEffects":true,"showParticleSystems":true},"in2DMode":false,"pivot":{"x":511.3443298339844,"y":285.5387268066406,"z":558.5238647460938},"rotation":{"x":-0.00030965867335908115,"y":0.017096485942602159,"z":-0.00000528861528437119,"w":-0.9998538494110107},"size":1207.699462890625,"orthographic":false}