{"cameraMode":{"drawMode":0,"name":"Shaded","section":"Shading Mode"},"sceneLighting":true,"audioPlay":false,"sceneViewState":{"showFog":true,"showMaterialUpdate":false,"showSkybox":true,"showFlares":true,"showImageEffects":true,"showParticleSystems":true},"in2DMode":false,"pivot":{"x":-0.012842854484915734,"y":2.3530921936035158,"z":-1.143997073173523},"rotation":{"x":0.0033990757074207069,"y":0.9918525218963623,"z":-0.02709393948316574,"w":0.12443064898252487},"size":7.8373284339904789,"orthographic":false}