{"cameraMode":{"drawMode":0,"name":"Shaded","section":"Shading Mode"},"sceneLighting":false,"audioPlay":false,"sceneViewState":{"showFog":true,"showMaterialUpdate":false,"showSkybox":true,"showFlares":true,"showImageEffects":true,"showParticleSystems":true},"in2DMode":false,"pivot":{"x":-364.3909606933594,"y":8.84246826171875,"z":62.383689880371097},"rotation":{"x":-0.07578741014003754,"y":0.30939698219299319,"z":-0.024744972586631776,"w":-0.9475851058959961},"size":13.315166473388672,"orthographic":false}