{"cameraMode":{"drawMode":0,"name":"Shaded","section":"Shading Mode"},"sceneLighting":true,"audioPlay":false,"sceneViewState":{"showFog":true,"showMaterialUpdate":false,"showSkybox":true,"showFlares":true,"showImageEffects":true,"showParticleSystems":true},"in2DMode":false,"pivot":{"x":110.65287780761719,"y":3.6585216522216799,"z":-5.8053998947143559},"rotation":{"x":-0.13678814470767976,"y":0.5130776166915894,"z":-0.08322606235742569,"w":-0.8432756066322327},"size":9.121627807617188,"orthographic":false}