{"cameraMode":{"drawMode":0,"name":"Shaded","section":"Shading Mode"},"sceneLighting":false,"audioPlay":false,"sceneViewState":{"showFog":true,"showMaterialUpdate":false,"showSkybox":true,"showFlares":true,"showImageEffects":true,"showParticleSystems":true},"in2DMode":false,"pivot":{"x":-10.399999618530274,"y":1.5999999046325684,"z":4.599999904632568},"rotation":{"x":-0.10465168952941895,"y":0.8444617390632629,"z":-0.1789395809173584,"w":-0.4938755929470062},"size":13.953962326049805,"orthographic":false}