{"cameraMode":{"drawMode":0,"name":"Shaded","section":"Shading Mode"},"sceneLighting":false,"audioPlay":false,"sceneViewState":{"showFog":true,"showMaterialUpdate":false,"showSkybox":true,"showFlares":true,"showImageEffects":true,"showParticleSystems":true},"in2DMode":false,"pivot":{"x":-9.611431121826172,"y":1.6000018119812012,"z":3.1981372833251955},"rotation":{"x":-0.10465168952941895,"y":0.8444617390632629,"z":-0.1789395809173584,"w":-0.4938755929470062},"size":13.353074073791504,"orthographic":false}