{"cameraMode":{"drawMode":0,"name":"Shaded","section":"Shading Mode"},"sceneLighting":false,"audioPlay":false,"sceneViewState":{"showFog":true,"showMaterialUpdate":false,"showSkybox":true,"showFlares":true,"showImageEffects":true,"showParticleSystems":true},"in2DMode":false,"pivot":{"x":0.022754669189453126,"y":2.2458577156066896,"z":0.0},"rotation":{"x":-0.220220148563385,"y":-0.04768001288175583,"z":0.010777980089187622,"w":-0.9742246270179749},"size":233.34524536132813,"orthographic":false}