{"cameraMode":{"drawMode":0,"name":"Shaded","section":"Shading Mode"},"sceneLighting":true,"audioPlay":false,"sceneViewState":{"showFog":true,"showMaterialUpdate":false,"showSkybox":true,"showFlares":true,"showImageEffects":true,"showParticleSystems":true},"in2DMode":false,"pivot":{"x":16.967620849609376,"y":-4.22198486328125,"z":-28.183021545410158},"rotation":{"x":0.3084406852722168,"y":0.5414642095565796,"z":-0.22276745736598969,"w":0.7497037053108215},"size":76.66014099121094,"orthographic":false}