{"cameraMode":{"drawMode":0,"name":"Shaded","section":"Shading Mode"},"sceneLighting":true,"audioPlay":false,"sceneViewState":{"showFog":true,"showMaterialUpdate":false,"showSkybox":true,"showFlares":true,"showImageEffects":true,"showParticleSystems":true},"in2DMode":false,"pivot":{"x":77.99127197265625,"y":441.5858459472656,"z":-595.7074584960938},"rotation":{"x":0.24527738988399507,"y":0.0058123646304011349,"z":-0.00147046591155231,"w":0.9694344401359558},"size":78.91664123535156,"orthographic":false}