{"cameraMode":{"drawMode":0,"name":"Shaded","section":"Shading Mode"},"sceneLighting":false,"audioPlay":false,"sceneViewState":{"showFog":true,"showMaterialUpdate":false,"showSkybox":true,"showFlares":true,"showImageEffects":true,"showParticleSystems":true},"in2DMode":false,"pivot":{"x":0.0010730326175689698,"y":0.4039343595504761,"z":0.1091591864824295},"rotation":{"x":0.2767345905303955,"y":-0.286929190158844,"z":0.0869719535112381,"w":0.9129762053489685},"size":0.5338625311851502,"orthographic":false}