{"cameraMode":{"drawMode":0,"name":"Shaded","section":"Shading Mode"},"sceneLighting":false,"audioPlay":false,"sceneViewState":{"showFog":true,"showMaterialUpdate":false,"showSkybox":true,"showFlares":true,"showImageEffects":true,"showParticleSystems":true},"in2DMode":false,"pivot":{"x":0.10227441787719727,"y":-0.012543201446533203,"z":-0.15922057628631593},"rotation":{"x":0.2767345905303955,"y":-0.286929190158844,"z":0.0869719535112381,"w":0.9129762053489685},"size":1.7338624000549317,"orthographic":false}