{"cameraMode":{"drawMode":0,"name":"Shaded","section":"Shading Mode"},"sceneLighting":true,"audioPlay":false,"sceneViewState":{"showFog":true,"showMaterialUpdate":false,"showSkybox":true,"showFlares":true,"showImageEffects":true,"showParticleSystems":true},"in2DMode":false,"pivot":{"x":-2.1377344131469728,"y":-0.8136343955993652,"z":-46.312259674072269},"rotation":{"x":0.3566935658454895,"y":0.019612126052379609,"z":-0.007489965297281742,"w":0.9339855313301086},"size":22.720319747924806,"orthographic":false}